row_id,num_sold
22297,477
22298,122
22299,380
22300,829
22301,212
22302,194
22303,439
22304,111
22305,327
22306,743
22307,195
22308,324
22309,711
22310,189
22311,551
22312,1210
22313,331
22314,211
22315,475
22316,123
22317,362
22318,808
22319,211
22320,200
22321,456
22322,112
22323,339
22324,775
22325,198
22326,330
22327,731
22328,192
22329,562
22330,1240
22331,345
22332,218
22333,497
22334,128
22335,375
22336,840
22337,216
22338,236
22339,532
22340,137
22341,411
22342,907
22343,236
22344,394
22345,853
22346,233
22347,679
22348,1475
22349,404
22350,260
22351,575
22352,153
22353,451
22354,990
22355,257
22356,236
22357,531
22358,137
22359,413
22360,911
22361,237
22362,393
22363,853
22364,233
22365,682
22366,1481
22367,406
22368,259
22369,575
22370,152
22371,454
22372,995
22373,258
22374,194
22375,441
22376,112
22377,328
22378,750
22379,196
22380,317
22381,713
22382,189
22383,539
22384,1216
22385,333
22386,212
22387,478
22388,123
22389,364
22390,816
22391,214
22392,193
22393,440
22394,112
22395,327
22396,749
22397,196
22398,315
22399,711
22400,189
22401,539
22402,1215
22403,333
22404,210
22405,475
22406,123
22407,362
22408,812
22409,212
22410,193
22411,440
22412,112
22413,327
22414,749
22415,196
22416,315
22417,711
22418,189
22419,539
22420,1215
22421,333
22422,210
22423,475
22424,123
22425,362
22426,812
22427,212
22428,192
22429,440
22430,112
22431,326
22432,745
22433,195
22434,313
22435,711
22436,189
22437,536
22438,1210
22439,331
22440,208
22441,475
22442,123
22443,360
22444,808
22445,211
22446,200
22447,447
22448,115
22449,339
22450,764
22451,202
22452,320
22453,710
22454,196
22455,544
22456,1208
22457,350
22458,221
22459,495
22460,131
22461,381
22462,846
22463,220
22464,232
22465,512
22466,137
22467,406
22468,882
22469,237
22470,376
22471,815
22472,234
22473,649
22474,1418
22475,404
22476,256
22477,559
22478,152
22479,449
22480,977
22481,256
22482,232
22483,512
22484,137
22485,407
22486,884
22487,238
22488,376
22489,815
22490,234
22491,649
22492,1418
22493,404
22494,257
22495,561
22496,153
22497,450
22498,980
22499,257
22500,191
22501,422
22502,112
22503,323
22504,723
22505,195
22506,310
22507,673
22508,189
22509,526
22510,1149
22511,331
22512,209
22513,463
22514,123
22515,361
22516,799
22517,211
22518,191
22519,422
22520,112
22521,323
22522,723
22523,195
22524,310
22525,673
22526,189
22527,526
22528,1149
22529,331
22530,209
22531,463
22532,123
22533,361
22534,799
22535,211
22536,194
22537,430
22538,114
22539,329
22540,736
22541,199
22542,315
22543,685
22544,192
22545,535
22546,1170
22547,337
22548,213
22549,473
22550,126
22551,369
22552,817
22553,216
22554,192
22555,426
22556,112
22557,326
22558,730
22559,197
22560,312
22561,678
22562,190
22563,532
22564,1162
22565,335
22566,212
22567,470
22568,125
22569,367
22570,813
22571,215
22572,201
22573,450
22574,116
22575,341
22576,767
22577,202
22578,322
22579,708
22580,197
22581,547
22582,1203
22583,352
22584,227
22585,508
22586,135
22587,391
22588,869
22589,226
22590,235
22591,519
22592,139
22593,410
22594,892
22595,240
22596,381
22597,818
22598,237
22599,657
22600,1421
22601,409
22602,265
22603,579
22604,158
22605,464
22606,1011
22607,265
22608,235
22609,519
22610,139
22611,412
22612,894
22613,240
22614,381
22615,818
22616,237
22617,657
22618,1421
22619,409
22620,266
22621,581
22622,158
22623,466
22624,1014
22625,266
22626,190
22627,420
22628,111
22629,319
22630,717
22631,194
22632,310
22633,670
22634,189
22635,526
22636,1146
22637,331
22638,215
22639,474
22640,125
22641,373
22642,820
22643,215
22644,190
22645,420
22646,111
22647,319
22648,717
22649,194
22650,310
22651,670
22652,189
22653,526
22654,1146
22655,331
22656,215
22657,474
22658,125
22659,373
22660,820
22661,215
22662,186
22663,413
22664,109
22665,314
22666,711
22667,192
22668,301
22669,655
22670,182
22671,519
22672,1136
22673,324
22674,211
22675,468
22676,123
22677,369
22678,816
22679,213
22680,183
22681,407
22682,107
22683,309
22684,699
22685,188
22686,297
22687,646
22688,179
22689,510
22690,1119
22691,316
22692,207
22693,457
22694,120
22695,360
22696,797
22697,207
22698,190
22699,424
22700,108
22701,321
22702,725
22703,191
22704,303
22705,665
22706,183
22707,521
22708,1143
22709,330
22710,216
22711,483
22712,126
22713,376
22714,833
22715,213
22716,225
22717,495
22718,131
22719,392
22720,853
22721,227
22722,362
22723,773
22724,220
22725,632
22726,1359
22727,383
22728,251
22729,546
22730,146
22731,444
22732,960
22733,247
22734,225
22735,495
22736,131
22737,390
22738,849
22739,226
22740,362
22741,774
22742,220
22743,629
22744,1353
22745,382
22746,251
22747,546
22748,146
22749,442
22750,955
22751,246
22752,181
22753,403
22754,106
22755,305
22756,690
22757,186
22758,294
22759,640
22760,177
22761,498
22762,1090
22763,310
22764,204
22765,451
22766,118
22767,353
22768,781
22769,203
22770,181
22771,403
22772,106
22773,305
22774,690
22775,186
22776,294
22777,640
22778,177
22779,498
22780,1090
22781,310
22782,204
22783,451
22784,118
22785,353
22786,781
22787,203
22788,181
22789,403
22790,106
22791,307
22792,693
22793,186
22794,293
22795,639
22796,177
22797,500
22798,1095
22799,311
22800,203
22801,450
22802,118
22803,355
22804,784
22805,204
22806,182
22807,404
22808,106
22809,307
22810,694
22811,187
22812,295
22813,641
22814,178
22815,500
22816,1096
22817,311
22818,205
22819,454
22820,119
22821,356
22822,788
22823,205
22824,188
22825,421
22826,108
22827,318
22828,720
22829,189
22830,301
22831,659
22832,181
22833,511
22834,1121
22835,324
22836,211
22837,472
22838,123
22839,366
22840,811
22841,208
22842,226
22843,497
22844,132
22845,394
22846,856
22847,228
22848,363
22849,776
22850,221
22851,627
22852,1349
22853,382
22854,252
22855,548
22856,146
22857,444
22858,961
22859,247
22860,229
22861,504
22862,134
22863,397
22864,863
22865,230
22866,367
22867,786
22868,224
22869,631
22870,1357
22871,384
22872,256
22873,557
22874,149
22875,449
22876,970
22877,250
22878,212
22879,458
22880,125
22881,358
22882,789
22883,218
22884,297
22885,635
22886,182
22887,509
22888,1101
22889,323
22890,239
22891,519
22892,141
22893,406
22894,886
22895,238
22896,214
22897,464
22898,126
22899,362
22900,795
22901,220
22902,298
22903,639
22904,183
22905,511
22906,1103
22907,324
22908,240
22909,522
22910,141
22911,408
22912,888
22913,238
22914,213
22915,463
22916,126
22917,363
22918,799
22919,221
22920,298
22921,638
22922,183
22923,513
22924,1108
22925,325
22926,240
22927,521
22928,141
22929,410
22930,892
22931,239
22932,214
22933,466
22934,127
22935,364
22936,801
22937,221
22938,299
22939,641
22940,184
22941,514
22942,1111
22943,326
22944,241
22945,526
22946,142
22947,412
22948,898
22949,241
22950,210
22951,459
22952,120
22953,356
22954,788
22955,210
22956,304
22957,660
22958,185
22959,524
22960,1138
22961,336
22962,233
22963,515
22964,137
22965,397
22966,871
22967,228
22968,245
22969,529
22970,143
22971,430
22972,915
22973,247
22974,363
22975,766
22976,221
22977,634
22978,1351
22979,389
22980,276
22981,591
22982,160
22983,477
22984,1021
22985,267
22986,244
22987,527
22988,143
22989,427
22990,876
22991,246
22992,359
22993,761
22994,221
22995,632
22996,1302
22997,388
22998,274
22999,591
23000,161
23001,476
23002,986
23003,267
23004,183
23005,365
23006,108
23007,312
23008,628
23009,189
23010,292
23011,569
23012,178
23013,504
23014,982
23015,314
23016,201
23017,402
23018,118
23019,352
23020,699
23021,205
23022,183
23023,365
23024,108
23025,312
23026,628
23027,189
23028,292
23029,569
23030,178
23031,504
23032,982
23033,314
23034,201
23035,402
23036,118
23037,352
23038,699
23039,205
23040,183
23041,365
23042,108
23043,312
23044,628
23045,189
23046,291
23047,569
23048,178
23049,503
23050,982
23051,314
23052,201
23053,402
23054,118
23055,351
23056,699
23057,205
23058,183
23059,364
23060,108
23061,312
23062,627
23063,189
23064,291
23065,568
23066,177
23067,503
23068,981
23069,314
23070,201
23071,402
23072,118
23073,351
23074,697
23075,204
23076,192
23077,386
23078,111
23079,328
23080,663
23081,195
23082,302
23083,595
23084,184
23085,520
23086,1020
23087,333
23088,211
23089,429
23090,126
23091,368
23092,736
23093,213
23094,225
23095,443
23096,133
23097,393
23098,756
23099,232
23100,357
23101,684
23102,221
23103,625
23104,1189
23105,387
23106,249
23107,489
23108,148
23109,441
23110,850
23111,251
23112,225
23113,444
23114,134
23115,392
23116,754
23117,231
23118,358
23119,686
23120,221
23121,625
23122,1189
23123,387
23124,249
23125,489
23126,148
23127,439
23128,847
23129,250
23130,183
23131,356
23132,108
23133,312
23134,610
23135,189
23136,292
23137,555
23138,178
23139,507
23140,962
23141,316
23142,201
23143,392
23144,118
23145,352
23146,681
23147,205
23148,183
23149,356
23150,108
23151,312
23152,610
23153,189
23154,292
23155,555
23156,178
23157,507
23158,962
23159,316
23160,201
23161,392
23162,118
23163,352
23164,681
23165,205
23166,183
23167,356
23168,108
23169,312
23170,610
23171,189
23172,292
23173,555
23174,178
23175,507
23176,962
23177,316
23178,201
23179,392
23180,118
23181,352
23182,681
23183,205
23184,183
23185,355
23186,108
23187,312
23188,609
23189,189
23190,292
23191,554
23192,177
23193,507
23194,961
23195,315
23196,201
23197,391
23198,118
23199,352
23200,680
23201,205
23202,191
23203,374
23204,110
23205,328
23206,643
23207,195
23208,300
23209,576
23210,183
23211,523
23212,998
23213,334
23214,210
23215,415
23216,125
23217,369
23218,716
23219,213
23220,225
23221,431
23222,133
23223,393
23224,734
23225,232
23226,357
23227,666
23228,221
23229,630
23230,1164
23231,388
23232,249
23233,476
23234,148
23235,442
23236,828
23237,252
23238,225
23239,431
23240,133
23241,392
23242,732
23243,231
23244,357
23245,666
23246,221
23247,630
23248,1164
23249,388
23250,248
23251,475
23252,147
23253,441
23254,825
23255,251
23256,184
23257,347
23258,108
23259,316
23260,592
23261,190
23262,293
23263,542
23264,177
23265,510
23266,946
23267,317
23268,204
23269,380
23270,118
23271,357
23272,671
23273,206
23274,184
23275,348
23276,108
23277,315
23278,589
23279,189
23280,293
23281,543
23282,177
23283,508
23284,942
23285,315
23286,204
23287,381
23288,118
23289,355
23290,668
23291,205
23292,184
23293,348
23294,108
23295,315
23296,589
23297,189
23298,293
23299,543
23300,177
23301,508
23302,942
23303,315
23304,204
23305,381
23306,118
23307,355
23308,668
23309,205
23310,184
23311,348
23312,108
23313,315
23314,589
23315,189
23316,293
23317,543
23318,177
23319,508
23320,942
23321,315
23322,204
23323,381
23324,118
23325,355
23326,668
23327,205
23328,191
23329,363
23330,110
23331,330
23332,619
23333,194
23334,300
23335,560
23336,181
23337,523
23338,972
23339,331
23340,212
23341,399
23342,124
23343,370
23344,696
23345,211
23346,227
23347,422
23348,133
23349,399
23350,710
23351,232
23352,360
23353,653
23354,220
23355,634
23356,1141
23357,388
23358,254
23359,463
23360,149
23361,449
23362,813
23363,252
23364,227
23365,422
23366,133
23367,398
23368,708
23369,231
23370,360
23371,653
23372,220
23373,634
23374,1141
23375,388
23376,254
23377,462
23378,148
23379,447
23380,811
23381,251
23382,184
23383,334
23384,108
23385,316
23386,580
23387,190
23388,293
23389,531
23390,177
23391,510
23392,927
23393,317
23394,204
23395,373
23396,118
23397,357
23398,657
23399,206
23400,184
23401,334
23402,108
23403,315
23404,577
23405,189
23406,293
23407,532
23408,177
23409,508
23410,923
23411,315
23412,204
23413,373
23414,118
23415,355
23416,654
23417,205
23418,184
23419,333
23420,107
23421,315
23422,577
23423,189
23424,294
23425,530
23426,176
23427,508
23428,923
23429,315
23430,204
23431,372
23432,118
23433,355
23434,654
23435,205
23436,184
23437,334
23438,108
23439,315
23440,577
23441,189
23442,293
23443,532
23444,177
23445,508
23446,923
23447,315
23448,204
23449,373
23450,118
23451,355
23452,654
23453,205
23454,191
23455,349
23456,110
23457,330
23458,606
23459,194
23460,300
23461,549
23462,181
23463,523
23464,952
23465,331
23466,212
23467,391
23468,124
23469,370
23470,682
23471,211
23472,227
23473,406
23474,133
23475,399
23476,695
23477,232
23478,360
23479,639
23480,220
23481,634
23482,1118
23483,388
23484,254
23485,454
23486,149
23487,449
23488,797
23489,252
23490,226
23491,404
23492,132
23493,397
23494,692
23495,231
23496,358
23497,636
23498,219
23499,633
23500,1116
23501,387
23502,251
23503,449
23504,147
23505,444
23506,790
23507,250
23508,184
23509,328
23510,108
23511,317
23512,582
23513,191
23514,293
23515,522
23516,177
23517,510
23518,927
23519,317
23520,204
23521,366
23522,118
23523,357
23524,657
23525,206
23526,184
23527,328
23528,108
23529,316
23530,579
23531,190
23532,293
23533,523
23534,177
23535,508
23536,923
23537,315
23538,204
23539,367
23540,118
23541,355
23542,654
23543,205
23544,188
23545,323
23546,109
23547,321
23548,548
23549,190
23550,303
23551,519
23552,180
23553,523
23554,903
23555,320
23556,209
23557,361
23558,120
23559,363
23560,636
23561,207
23562,186
23563,319
23564,107
23565,317
23566,541
23567,188
23568,299
23569,513
23570,178
23571,516
23572,892
23573,316
23574,205
23575,355
23576,118
23577,357
23578,625
23579,204
23580,195
23581,336
23582,110
23583,332
23584,568
23585,193
23586,307
23587,531
23588,183
23589,530
23590,915
23591,330
23592,215
23593,374
23594,125
23595,373
23596,651
23597,209
23598,230
23599,389
23600,133
23601,400
23602,663
23603,229
23604,369
23605,620
23606,223
23607,646
23608,1100
23609,388
23610,256
23611,431
23612,147
23613,449
23614,770
23615,248
23616,230
23617,389
23618,133
23619,400
23620,663
23621,229
23622,369
23623,620
23624,223
23625,646
23626,1100
23627,388
23628,256
23629,431
23630,147
23631,449
23632,770
23633,248
23634,190
23635,321
23636,110
23637,323
23638,543
23639,191
23640,310
23641,512
23642,180
23643,535
23644,878
23645,320
23646,209
23647,356
23648,120
23649,364
23650,610
23651,207
23652,188
23653,317
23654,108
23655,321
23656,539
23657,189
23658,307
23659,507
23660,179
23661,531
23662,872
23663,317
23664,207
23665,353
23666,119
23667,362
23668,606
23669,206
23670,189
23671,318
23672,109
23673,321
23674,539
23675,189
23676,307
23677,509
23678,179
23679,531
23680,872
23681,317
23682,208
23683,354
23684,119
23685,362
23686,606
23687,206
23688,188
23689,317
23690,108
23691,319
23692,536
23693,188
23694,306
23695,506
23696,178
23697,528
23698,867
23699,316
23700,206
23701,350
23702,118
23703,358
23704,600
23705,204
23706,197
23707,333
23708,111
23709,335
23710,563
23711,193
23712,314
23713,523
23714,183
23715,542
23716,890
23717,330
23718,216
23719,369
23720,125
23721,374
23722,624
23723,209
23724,232
23725,386
23726,134
23727,404
23728,665
23729,230
23730,378
23731,611
23732,223
23733,660
23734,1083
23735,388
23736,257
23737,425
23738,147
23739,450
23740,749
23741,248
23742,232
23743,386
23744,134
23745,404
23746,665
23747,230
23748,378
23749,611
23750,223
23751,660
23752,1083
23753,388
23754,257
23755,425
23756,147
23757,450
23758,749
23759,248
23760,189
23761,319
23762,109
23763,323
23764,543
23765,191
23766,308
23767,505
23768,180
23769,535
23770,871
23771,320
23772,210
23773,355
23774,119
23775,366
23776,610
23777,207
23778,188
23779,317
23780,108
23781,321
23782,539
23783,189
23784,307
23785,503
23786,179
23787,531
23788,865
23789,317
23790,209
23791,353
23792,119
23793,364
23794,606
23795,206
23796,188
23797,317
23798,108
23799,321
23800,539
23801,189
23802,307
23803,503
23804,179
23805,531
23806,865
23807,317
23808,209
23809,353
23810,119
23811,364
23812,606
23813,206
23814,187
23815,316
23816,108
23817,320
23818,538
23819,189
23820,305
23821,501
23822,178
23823,531
23824,864
23825,317
23826,207
23827,351
23828,118
23829,362
23830,602
23831,205
23832,197
23833,333
23834,111
23835,334
23836,561
23837,193
23838,314
23839,519
23840,183
23841,542
23842,882
23843,330
23844,217
23845,370
23846,125
23847,376
23848,624
23849,209
23850,232
23851,386
23852,134
23853,404
23854,665
23855,230
23856,378
23857,606
23858,223
23859,660
23860,1074
23861,388
23862,258
23863,426
23864,148
23865,452
23866,748
23867,248
23868,232
23869,386
23870,134
23871,404
23872,665
23873,230
23874,378
23875,606
23876,223
23877,660
23878,1074
23879,388
23880,258
23881,426
23882,148
23883,453
23884,749
23885,248
23886,192
23887,311
23888,108
23889,325
23890,530
23891,189
23892,311
23893,503
23894,178
23895,537
23896,867
23897,317
23898,211
23899,343
23900,118
23901,366
23902,596
23903,205
23904,192
23905,312
23906,108
23907,326
23908,530
23909,189
23910,312
23911,505
23912,179
23913,537
23914,868
23915,317
23916,213
23917,346
23918,119
23919,368
23920,599
23921,206
23922,192
23923,312
23924,108
23925,326
23926,530
23927,189
23928,312
23929,505
23930,179
23931,537
23932,868
23933,317
23934,213
23935,346
23936,119
23937,368
23938,599
23939,206
23940,192
23941,311
23942,108
23943,325
23944,530
23945,189
23946,311
23947,503
23948,178
23949,537
23950,867
23951,317
23952,211
23953,343
23954,118
23955,366
23956,596
23957,205
23958,200
23959,328
23960,111
23961,339
23962,552
23963,193
23964,318
23965,521
23966,183
23967,547
23968,886
23969,330
23970,220
23971,362
23972,125
23973,379
23974,617
23975,209
23976,236
23977,374
23978,132
23979,409
23980,647
23981,228
23982,383
23983,599
23984,220
23985,667
23986,1066
23987,386
23988,261
23989,411
23990,146
23991,456
23992,730
23993,246
23994,236
23995,375
23996,134
23997,409
23998,647
23999,230
24000,382
24001,602
24002,223
24003,667
24004,1067
24005,388
24006,262
24007,413
24008,148
24009,457
24010,732
24011,248
24012,196
24013,307
24014,108
24015,329
24016,522
24017,189
24018,318
24019,492
24020,178
24021,543
24022,848
24023,317
24024,216
24025,338
24026,118
24027,370
24028,587
24029,205
24030,197
24031,308
24032,108
24033,329
24034,523
24035,189
24036,319
24037,494
24038,179
24039,543
24040,849
24041,317
24042,217
24043,341
24044,119
24045,372
24046,590
24047,206
24048,196
24049,307
24050,108
24051,329
24052,522
24053,189
24054,318
24055,492
24056,178
24057,543
24058,848
24059,317
24060,216
24061,338
24062,118
24063,370
24064,587
24065,205
24066,196
24067,307
24068,108
24069,329
24070,522
24071,189
24072,318
24073,491
24074,178
24075,543
24076,847
24077,317
24078,216
24079,338
24080,118
24081,370
24082,587
24083,205
24084,206
24085,323
24086,111
24087,345
24088,544
24089,193
24090,328
24091,509
24092,183
24093,558
24094,865
24095,330
24096,227
24097,357
24098,125
24099,387
24100,608
24101,209
24102,248
24103,370
24104,135
24105,426
24106,641
24107,232
24108,403
24109,585
24110,225
24111,695
24112,1046
24113,393
24114,275
24115,407
24116,149
24117,477
24118,728
24119,251
24120,245
24121,365
24122,134
24123,420
24124,632
24125,229
24126,398
24127,578
24128,223
24129,686
24130,1031
24131,388
24132,271
24133,400
24134,147
24135,468
24136,714
24137,247
24138,197
24139,298
24140,107
24141,329
24142,508
24143,185
24144,321
24145,474
24146,176
24147,544
24148,819
24149,310
24150,217
24151,328
24152,117
24153,371
24154,570
24155,200
24156,197
24157,298
24158,107
24159,329
24160,508
24161,185
24162,321
24163,474
24164,176
24165,544
24166,819
24167,310
24168,217
24169,328
24170,117
24171,371
24172,570
24173,200
24174,197
24175,298
24176,107
24177,329
24178,507
24179,185
24180,320
24181,474
24182,176
24183,543
24184,819
24185,310
24186,217
24187,328
24188,117
24189,370
24190,570
24191,200
24192,199
24193,301
24194,108
24195,333
24196,515
24197,187
24198,324
24199,480
24200,178
24201,550
24202,831
24203,314
24204,220
24205,333
24206,118
24207,377
24208,580
24209,204
24210,208
24211,315
24212,110
24213,349
24214,537
24215,194
24216,331
24217,493
24218,182
24219,564
24220,847
24221,330
24222,230
24223,349
24224,124
24225,393
24226,600
24227,210
24228,247
24229,364
24230,134
24231,423
24232,632
24233,230
24234,400
24235,576
24236,223
24237,691
24238,1031
24239,390
24240,273
24241,400
24242,148
24243,474
24244,716
24245,249
24246,245
24247,362
24248,133
24249,420
24250,627
24251,229
24252,398
24253,572
24254,222
24255,686
24256,1022
24257,387
24258,271
24259,396
24260,146
24261,468
24262,707
24263,247
24264,201
24265,298
24266,107
24267,339
24268,508
24269,185
24270,333
24271,474
24272,176
24273,569
24274,819
24275,310
24276,226
24277,328
24278,117
24279,388
24280,570
24281,200
24282,201
24283,298
24284,107
24285,339
24286,508
24287,185
24288,333
24289,474
24290,176
24291,569
24292,819
24293,310
24294,226
24295,328
24296,117
24297,388
24298,570
24299,200
24300,200
24301,297
24302,107
24303,338
24304,506
24305,185
24306,332
24307,473
24308,176
24309,567
24310,818
24311,309
24312,225
24313,327
24314,116
24315,387
24316,569
24317,200
24318,202
24319,300
24320,108
24321,343
24322,514
24323,187
24324,335
24325,478
24326,178
24327,575
24328,830
24329,314
24330,228
24331,331
24332,118
24333,394
24334,579
24335,204
24336,212
24337,314
24338,110
24339,360
24340,537
24341,194
24342,344
24343,492
24344,182
24345,590
24346,847
24347,330
24348,239
24349,348
24350,124
24351,411
24352,599
24353,210
24354,248
24355,363
24356,134
24357,429
24358,631
24359,230
24360,409
24361,574
24362,223
24363,711
24364,1029
24365,390
24366,280
24367,399
24368,148
24369,488
24370,715
24371,249
24372,246
24373,362
24374,133
24375,428
24376,630
24377,230
24378,407
24379,572
24380,222
24381,709
24382,1027
24383,389
24384,277
24385,395
24386,146
24387,485
24388,711
24389,248
24390,206
24391,298
24392,107
24393,346
24394,508
24395,185
24396,341
24397,474
24398,176
24399,573
24400,819
24401,310
24402,232
24403,328
24404,117
24405,390
24406,570
24407,200
24408,206
24409,298
24410,107
24411,346
24412,508
24413,185
24414,341
24415,474
24416,176
24417,573
24418,819
24419,310
24420,232
24421,328
24422,117
24423,390
24424,570
24425,200
24426,206
24427,298
24428,107
24429,345
24430,508
24431,185
24432,341
24433,475
24434,176
24435,572
24436,820
24437,310
24438,231
24439,328
24440,117
24441,390
24442,570
24443,200
24444,206
24445,297
24446,107
24447,347
24448,510
24449,186
24450,341
24451,474
24452,176
24453,574
24454,823
24455,312
24456,231
24457,327
24458,117
24459,391
24460,572
24461,201
24462,217
24463,314
24464,110
24465,367
24466,536
24467,194
24468,352
24469,492
24470,182
24471,593
24472,845
24473,330
24474,244
24475,348
24476,124
24477,413
24478,598
24479,210
24480,249
24481,363
24482,134
24483,444
24484,630
24485,230
24486,411
24487,574
24488,223
24489,728
24490,1028
24491,390
24492,281
24493,398
24494,148
24495,499
24496,714
24497,249
24498,247
24499,361
24500,133
24501,443
24502,629
24503,230
24504,408
24505,571
24506,222
24507,726
24508,1025
24509,389
24510,278
24511,395
24512,146
24513,496
24514,709
24515,248
24516,210
24517,297
24518,107
24519,361
24520,506
24521,185
24522,341
24523,474
24524,176
24525,586
24526,818
24527,310
24528,232
24529,327
24530,117
24531,400
24532,569
24533,200
24534,210
24535,296
24536,106
24537,361
24538,506
24539,185
24540,342
24541,472
24542,175
24543,586
24544,818
24545,309
24546,232
24547,326
24548,116
24549,400
24550,569
24551,200
24552,210
24553,297
24554,107
24555,361
24556,506
24557,185
24558,341
24559,474
24560,176
24561,586
24562,818
24563,310
24564,232
24565,327
24566,117
24567,400
24568,569
24569,200
24570,209
24571,297
24572,107
24573,362
24574,509
24575,186
24576,341
24577,473
24578,176
24579,588
24580,822
24581,312
24582,231
24583,327
24584,117
24585,401
24586,571
24587,201
24588,221
24590,110
24591,383
24592,535
24593,193
24594,352
24595,492
24596,182
24597,607
24598,845
24599,330
24600,244
24601,348
24602,124
24603,423
24604,598
24605,210
24606,257
24607,361
24608,133
24609,454
24610,628
24611,230
24612,416
24613,571
24614,222
24615,728
24616,1025
24617,389
24618,283
24619,395
24620,146
24621,497
24622,709
24623,248
24624,257
24625,361
24626,133
24627,454
24628,628
24629,230
24630,416
24631,571
24632,222
24633,728
24634,1025
24635,389
24636,283
24637,395
24638,146
24639,497
24640,709
24641,248
24642,214
24643,300
24644,108
24645,367
24646,513
24647,187
24648,349
24649,479
24650,178
24651,596
24652,828
24653,314
24654,238
24655,332
24656,118
24657,409
24658,578
24659,204
24660,212
24661,297
24662,107
24663,362
24664,506
24665,185
24666,345
24667,474
24668,176
24669,589
24670,818
24671,310
24672,234
24673,327
24674,117
24675,402
24676,569
24677,200
24678,212
24679,297
24680,107
24681,363
24682,506
24683,185
24684,346
24685,474
24686,176
24687,590
24688,818
24689,310
24690,235
24691,327
24692,117
24693,403
24694,569
24695,200
24696,212
24697,297
24698,107
24699,363
24700,506
24701,185
24702,346
24703,474
24704,176
24705,590
24706,818
24707,310
24708,235
24709,327
24710,117
24711,403
24712,569
24713,200
24714,223
24715,312
24716,110
24717,382
24718,532
24719,192
24720,356
24721,490
24722,181
24723,608
24724,839
24725,328
24726,246
24727,345
24728,123
24729,422
24730,592
24731,208
24732,265
24733,365
24734,135
24735,464
24736,636
24737,232
24738,433
24739,578
24740,225
24741,750
24742,1035
24743,393
24744,298
24745,403
24746,149
24747,517
24748,722
24749,252
24750,263
24751,362
24752,134
24753,461
24754,631
24755,231
24756,430
24757,574
24758,223
24759,744
24760,1028
24761,390
24762,295
24763,399
24764,148
24765,513
24766,716
24767,250
24768,213
24769,298
24770,107
24771,365
24772,509
24773,186
24774,347
24775,475
24776,177
24777,593
24778,823
24779,312
24780,236
24781,330
24782,118
24783,406
24784,574
24785,202
24786,212
24787,297
24788,107
24789,363
24790,506
24791,185
24792,346
24793,474
24794,176
24795,590
24796,818
24797,310
24798,235
24799,327
24800,117
24801,402
24802,569
24803,200
24804,212
24805,297
24806,107
24807,363
24808,506
24809,185
24810,346
24811,474
24812,176
24813,591
24814,818
24815,310
24816,235
24817,327
24818,117
24819,403
24820,569
24821,200
24822,212
24823,297
24824,107
24825,363
24826,506
24827,185
24828,346
24829,474
24830,176
24831,591
24832,818
24833,310
24834,235
24835,327
24836,117
24837,403
24838,569
24839,200
24840,223
24841,312
24842,110
24843,382
24844,532
24845,192
24846,356
24847,490
24848,181
24849,608
24850,839
24851,328
24852,246
24853,345
24854,123
24855,422
24856,592
24857,208
24858,263
24859,364
24860,134
24861,464
24862,635
24863,232
24864,431
24865,575
24866,224
24867,748
24868,1034
24869,392
24870,296
24871,401
24872,149
24873,516
24874,721
24875,252
24876,263
24877,362
24878,134
24879,461
24880,631
24881,231
24882,430
24883,574
24884,223
24885,744
24886,1028
24887,390
24888,295
24889,399
24890,148
24891,513
24892,716
24893,250
24894,215
24895,298
24896,107
24897,369
24898,511
24899,186
24900,355
24901,476
24902,177
24903,607
24904,825
24905,312
24906,240
24907,330
24908,117
24909,413
24910,576
24911,202
24912,214
24913,297
24914,107
24915,369
24916,509
24917,186
24918,353
24919,474
24920,176
24921,606
24922,823
24923,312
24924,238
24925,327
24926,117
24927,411
24928,572
24929,201
24930,215
24931,297
24932,107
24933,367
24934,507
24935,185
24936,354
24937,474
24938,176
24939,603
24940,819
24941,310
24942,238
24943,328
24944,117
24945,409
24946,570
24947,200
24948,215
24949,297
24950,107
24951,367
24952,507
24953,185
24954,354
24955,474
24956,176
24957,603
24958,819
24959,310
24960,238
24961,328
24962,117
24963,409
24964,570
24965,200
24966,226
24967,313
24968,110
24969,387
24970,533
24971,192
24972,364
24973,491
24974,181
24975,622
24976,841
24977,328
24978,251
24979,346
24980,124
24981,429
24982,593
24983,208
24984,263
24985,362
24986,133
24987,470
24988,632
24989,230
24990,436
24991,573
24992,222
24993,769
24994,1029
24995,389
24996,296
24997,398
24998,147
24999,522
25000,715
25001,249
25002,265
25003,365
25004,134
25005,475
25006,637
25007,232
25008,439
25009,577
25010,223
25011,777
25012,1037
25013,392
25014,301
25015,405
25016,150
25017,534
25018,727
25019,253
25020,216
25021,300
25022,107
25023,373
25024,517
25025,188
25026,356
25027,479
25028,177
25029,612
25030,833
25031,314
25032,242
25033,334
25034,118
25035,418
25036,584
25037,204
25038,215
25039,299
25040,107
25041,373
25042,515
25043,187
25044,354
25045,477
25046,177
25047,611
25048,831
25049,313
25050,240
25051,331
25052,117
25053,416
25054,580
25055,203
25056,215
25057,299
25058,107
25059,371
25060,512
25061,186
25062,355
25063,477
25064,177
25065,609
25066,825
25067,311
25068,241
25069,332
25070,118
25071,414
25072,576
25073,201
25074,215
25075,298
25076,107
25077,371
25078,512
25079,186
25080,355
25081,475
25082,176
25083,609
25084,825
25085,311
25086,241
25087,331
25088,117
25089,414
25090,576
25091,201
25092,226
25093,315
25094,110
25095,391
25096,537
25097,193
25098,365
25099,493
25100,181
25101,627
25102,847
25103,329
25104,254
25105,351
25106,125
25107,436
25108,602
25109,210
25110,266
25111,367
25112,134
25113,474
25114,639
25115,232
25116,440
25117,581
25118,223
25119,775
25120,1038
25121,392
25122,302
25123,408
25124,149
25125,531
25126,727
25127,252
25128,267
25129,369
25130,135
25131,476
25132,640
25133,233
25134,443
25135,584
25136,224
25137,777
25138,1040
25139,392
25140,304
25141,411
25142,151
25143,534
25144,731
25145,253
25146,227
25147,303
25148,108
25149,387
25150,517
25151,188
25152,366
25153,483
25154,178
25155,621
25156,834
25157,314
25158,248
25159,336
25160,118
25161,423
25162,582
25163,203
25164,227
25165,303
25166,108
25167,387
25168,517
25169,188
25170,366
25171,483
25172,178
25173,621
25174,833
25175,314
25176,248
25177,335
25178,118
25179,423
25180,581
25181,203
25182,227
25183,303
25184,108
25185,386
25186,513
25187,187
25188,366
25189,483
25190,178
25191,618
25192,828
25193,312
25194,249
25195,336
25196,118
25197,421
25198,577
25199,202
25200,236
25201,315
25202,111
25203,405
25204,536
25205,192
25206,377
25207,499
25208,181
25209,641
25210,857
25211,318
25212,260
25213,351
25214,122
25215,445
25216,607
25217,210
25218,245
25219,327
25220,112
25221,419
25222,552
25223,195
25224,384
25225,511
25226,183
25227,652
25228,869
25229,331
25230,268
25231,364
25232,127
25233,457
25234,619
25235,213
25236,287
25237,382
25238,137
25239,505
25240,658
25241,235
25242,455
25243,594
25244,223
25245,788
25246,1052
25247,389
25248,317
25249,421
25250,152
25251,550
25252,746
25253,255
25254,287
25255,382
25256,137
25257,505
25258,658
25259,235
25260,455
25261,594
25262,223
25263,788
25264,1052
25265,389
25266,317
25267,422
25268,152
25269,551
25270,747
25271,255
25272,246
25273,332
25274,114
25275,425
25276,565
25277,199
25278,389
25279,515
25280,185
25281,665
25282,884
25283,326
25284,272
25285,373
25286,127
25287,462
25288,631
25289,215
25290,249
25291,335
25292,115
25293,431
25294,573
25295,202
25296,393
25297,520
25298,187
25299,673
25300,894
25301,330
25302,276
25303,379
25304,129
25305,469
25306,641
25307,219
25308,247
25309,332
25310,114
25311,428
25312,569
25313,201
25314,390
25315,516
25316,186
25317,668
25318,888
25319,328
25320,274
25321,376
25322,128
25323,466
25324,636
25325,217
25326,250
25327,336
25328,115
25329,432
25330,575
25331,203
25332,394
25333,522
25334,188
25335,675
25336,897
25337,331
25338,277
25339,380
25340,129
25341,471
25342,643
25343,219
25344,260
25345,351
25346,117
25347,445
25348,591
25349,205
25350,401
25351,534
25352,190
25353,687
25354,911
25355,345
25356,285
25357,394
25358,134
25359,483
25360,657
25361,223
25362,298
25363,409
25364,142
25365,523
25366,705
25367,245
25368,469
25369,624
25370,231
25371,813
25372,1109
25373,403
25374,331
25375,456
25376,159
25377,568
25378,793
25379,264
25380,293
25381,402
25382,139
25383,514
25384,693
25385,241
25386,461
25387,614
25388,227
25389,800
25390,1091
25391,396
25392,325
25393,448
25394,156
25395,559
25396,781
25397,260
25398,241
25399,326
25400,109
25401,416
25402,557
25403,192
25404,380
25405,506
25406,177
25407,650
25408,869
25409,313
25410,262
25411,361
25412,119
25413,449
25414,617
25415,206
25416,242
25417,327
25418,109
25419,419
25420,560
25421,192
25422,382
25423,508
25424,177
25425,654
25426,874
25427,314
25428,265
25429,364
25430,120
25431,454
25432,623
25433,207
25434,241
25435,327
25436,109
25437,417
25438,557
25439,192
25440,381
25441,507
25442,177
25443,651
25444,870
25445,313
25446,264
25447,363
25448,120
25449,452
25450,620
25451,206
25452,241
25453,327
25454,109
25455,417
25456,557
25457,192
25458,381
25459,507
25460,177
25461,651
25462,870
25463,313
25464,264
25465,363
25466,120
25467,452
25468,620
25469,206
25470,253
25471,343
25472,111
25473,434
25474,579
25475,196
25476,390
25477,523
25478,180
25479,670
25480,893
25481,330
25482,274
25483,379
25484,125
25485,469
25486,641
25487,211
25488,291
25489,400
25490,134
25491,508
25492,687
25493,232
25494,458
25495,611
25496,219
25497,791
25498,1083
25499,383
25500,317
25501,438
25502,148
25503,548
25504,768
25505,249
25506,291
25507,400
25508,134
25509,509
25510,688
25511,233
25512,458
25513,611
25514,219
25515,791
25516,1083
25517,383
25518,318
25519,439
25520,148
25521,550
25522,770
25523,250
25524,240
25525,330
25526,108
25527,414
25528,553
25529,190
25530,379
25531,516
25532,176
25533,646
25534,871
25535,311
25536,262
25537,365
25538,119
25539,446
25540,613
25541,204
25542,240
25543,329
25544,108
25545,415
25546,555
25547,191
25548,379
25549,515
25550,176
25551,649
25552,875
25553,312
25554,262
25555,365
25556,119
25557,448
25558,616
25559,205
25560,241
25561,331
25562,109
25563,417
25564,557
25565,192
25566,381
25567,519
25568,177
25569,651
25570,878
25571,313
25572,264
25573,368
25574,120
25575,452
25576,620
25577,206
25578,241
25579,331
25580,109
25581,417
25582,557
25583,192
25584,381
25585,519
25586,177
25587,651
25588,878
25589,313
25590,264
25591,368
25592,120
25593,452
25594,620
25595,206
25596,253
25597,348
25598,111
25599,434
25600,579
25601,196
25602,390
25603,535
25604,180
25605,670
25606,901
25607,330
25608,274
25609,384
25610,125
25611,469
25612,641
25613,211
25614,291
25615,406
25616,134
25617,508
25618,687
25619,232
25620,458
25621,625
25622,219
25623,791
25624,1092
25625,383
25626,317
25627,444
25628,148
25629,548
25630,768
25631,249
25632,288
25633,401
25634,132
25635,505
25636,682
25637,229
25638,454
25639,617
25640,215
25641,784
25642,1083
25643,377
25644,316
25645,440
25646,146
25647,545
25648,763
25649,246
25650,240
25651,335
25652,108
25653,414
25654,560
25655,190
25656,379
25657,525
25658,176
25659,646
25660,895
25661,310
25662,261
25663,371
25664,119
25665,446
25666,639
25667,204
25668,240
25669,335
25670,108
25671,415
25672,563
25673,191
25674,379
25675,524
25676,176
25677,649
25678,899
25679,312
25680,262
25681,371
25682,119
25683,448
25684,642
25685,205
25686,241
25687,337
25688,109
25689,417
25690,565
25691,192
25692,381
25693,527
25694,177
25695,651
25696,903
25697,313
25698,264
25699,375
25700,120
25701,452
25702,647
25703,206
25704,240
25705,336
25706,108
25707,416
25708,564
25709,191
25710,379
25711,526
25712,176
25713,650
25714,902
25715,313
25716,262
25717,372
25718,119
25719,449
25720,644
25721,205
25722,253
25723,354
25724,111
25725,434
25726,587
25727,196
25728,390
25729,544
25730,180
25731,670
25732,926
25733,330
25734,274
25735,391
25736,125
25737,469
25738,668
25739,211
25740,292
25741,422
25742,136
25743,518
25744,744
25745,235
25746,462
25747,653
25748,223
25749,802
25750,1172
25751,387
25752,320
25753,463
25754,150
25755,557
25756,838
25757,253
25758,290
25759,418
25760,135
25761,512
25762,736
25763,232
25764,458
25765,646
25766,221
25767,793
25768,1159
25769,383
25770,316
25771,456
25772,148
25773,549
25774,826
25775,249
25776,239
25777,347
25778,109
25779,414
25780,582
25781,190
25782,379
25783,536
25784,178
25785,646
25786,912
25787,310
25788,260
25789,376
25790,119
25791,446
25792,651
25793,204
25794,239
25795,347
25796,109
25797,414
25798,582
25799,190
25800,379
25801,536
25802,178
25803,646
25804,912
25805,310
25806,260
25807,376
25808,119
25809,446
25810,651
25811,204
25812,240
25813,348
25814,109
25815,415
25816,583
25817,191
25818,380
25819,537
25820,178
25821,648
25822,915
25823,311
25824,261
25825,378
25826,119
25827,448
25828,653
25829,204
25830,242
25831,352
25832,110
25833,420
25834,590
25835,193
25836,384
25837,543
25838,180
25839,656
25840,926
25841,315
25842,265
25843,383
25844,121
25845,455
25846,664
25847,208
25848,255
25849,371
25850,113
25851,441
25852,619
25853,199
25854,391
25855,556
25856,183
25857,670
25858,944
25859,330
25860,274
25861,399
25862,126
25863,471
25864,684
25865,212
25866,298
25867,448
25868,139
25869,525
25870,755
25871,238
25872,460
25873,663
25874,222
25875,799
25876,1167
25877,386
25878,318
25879,468
25880,149
25881,553
25882,832
25883,251
25884,301
25885,452
25886,140
25887,530
25888,762
25889,240
25890,459
25891,662
25892,221
25893,795
25894,1162
25895,384
25896,316
25897,465
25898,148
25899,548
25900,825
25901,249
25902,266
25903,366
25904,114
25905,448
25906,617
25907,205
25908,386
25909,549
25910,178
25911,654
25912,931
25913,310
25914,273
25915,398
25916,119
25917,463
25918,680
25919,203
25920,266
25921,366
25922,114
25923,448
25924,617
25925,205
25926,386
25927,549
25928,178
25929,654
25930,931
25931,310
25932,273
25933,398
25934,119
25935,463
25936,680
25937,203
25938,267
25939,367
25940,114
25941,450
25942,619
25943,206
25944,388
25945,550
25946,178
25947,656
25948,934
25949,311
25950,274
25951,399
25952,120
25953,464
25954,683
25955,204
25956,267
25957,368
25958,114
25959,449
25960,618
25961,205
25962,393
25963,558
25964,181
25965,664
25966,945
25967,315
25968,279
25969,406
25970,121
25971,472
25972,694
25973,207
25974,279
25975,386
25976,116
25977,470
25978,645
25979,211
25980,399
25981,570
25982,183
25983,678
25984,963
25985,330
25986,282
25987,412
25988,125
25989,481
25990,704
25991,212
25992,306
25993,454
25994,137
25995,536
25996,771
25997,233
25998,460
25999,679
26000,221
26001,809
26002,1191
26003,385
26004,316
26005,477
26006,147
26007,558
26008,846
26009,249
26010,305
26011,452
26012,136
26013,535
26014,769
26015,233
26016,459
26017,677
26018,221
26019,809
26020,1191
26021,385
26022,314
26023,474
26024,146
26025,556
26026,843
26027,248
26028,254
26029,345
26030,109
26031,431
26032,604
26033,198
26034,391
26035,542
26036,172
26037,672
26038,947
26039,310
26040,278
26041,400
26042,123
26043,472
26044,686
26045,213
26046,252
26047,343
26048,107
26049,428
26050,600
26051,195
26052,391
26053,541
26054,170
26055,671
26056,945
26057,306
26058,278
26059,400
26060,121
26061,471
26062,685
26063,210
26064,257
26065,350
26066,110
26067,437
26068,612
26069,200
26070,399
26071,552
26072,174
26073,685
26074,965
26075,314
26076,284
26077,408
26078,124
26079,481
26080,699
26081,216
26082,259
26083,351
26084,111
26085,440
26086,615
26087,201
26088,400
26089,554
26090,175
26091,686
26092,966
26093,315
26094,285
26095,409
26096,126
26097,481
26098,700
26099,217
26100,273
26101,371
26102,114
26103,456
26104,634
26105,206
26106,411
26107,573
26108,181
26109,704
26110,988
26111,335
26112,292
26113,422
26114,132
26115,492
26116,712
26117,225
26118,315
26119,440
26120,132
26121,551
26122,784
26123,233
26124,482
26125,680
26126,221
26127,856
26128,1243
26129,394
26130,339
26131,496
26132,158
26133,593
26134,886
26135,268
26136,313
26137,439
26138,131
26139,548
26140,782
26141,233
26142,481
26143,678
26144,221
26145,856
26146,1243
26147,396
26148,337
26149,493
26150,156
26151,591
26152,883
26153,266
26154,256
26155,414
26156,110
26157,441
26158,731
26159,199
26160,397
26161,655
26162,175
26163,678
26164,1127
26165,308
26166,294
26167,503
26168,125
26169,498
26170,855
26171,212
26172,263
26173,421
26174,111
26175,445
26176,734
26177,198
26178,401
26179,655
26180,173
26181,684
26182,1132
26183,306
26184,298
26185,505
26186,124
26187,504
26188,862
26189,211
26190,336
26191,499
26192,159
26193,589
26194,855
26195,292
26196,516
26197,781
26198,229
26199,894
26200,1303
26201,420
26202,379
26203,601
26204,171
26205,659
26206,1000
26207,305
26208,355
26209,530
26210,167
26211,623
26212,910
26213,307
26214,539
26215,824
26216,240
26217,932
26218,1372
26219,438
26220,397
26221,634
26222,180
26223,687
26224,1053
26225,318
26226,525
26227,761
26228,256
26229,937
26230,1327
26231,443
26232,771
26233,1146
26234,355
26235,1381
26236,1972
26237,642
26238,585
26239,908
26240,282
26241,1041
26242,1544
26243,472
26244,666
26245,1040
26246,306
26247,1169
26248,1724
26249,513
26250,949
26251,1535
26252,451
26253,1676
26254,2587
26255,765
26256,724
26257,1224
26258,349
26259,1271
26260,2037
26261,569
26262,663
26263,1026
26264,305
26265,1163
26266,1698
26267,511
26268,945
26269,1513
26270,449
26271,1666
26272,2548
26273,763
26274,721
26275,1207
26276,348
26277,1264
26278,2006
26279,567
26280,422
26281,602
26282,211
26283,746
26284,1040
26285,376
26286,630
26287,922
26288,289
26289,1140
26290,1606
26291,528
26292,471
26293,719
26294,228
26295,850
26296,1241
26297,406
